,rs,baldereschi,E_CCSDT_ring_corr_pe,E_CCSDT_ring_corr_pe_err
0,1.0,1.0,-0.0587094909544055,0.0004911758642109
1,2.0,1.0,-0.0429436665786348,0.000319513709463
2,3.0,1.0,-0.0346078193719668,0.0002507935524785
3,4.0,1.0,-0.0292090019368198,0.0002091476230752
4,5.0,1.0,-0.0253598196956213,0.0001794073375647
