,rs,baldereschi,E_CCSD_os_corr_pe,E_CCSD_os_corr_pe_err
0,1.0,True,-0.0367544355763523,0.0002973356338622
1,2.0,True,-0.0267809119463188,0.0001573684942252
2,3.0,True,-0.0214153869892538,0.0001011819572537
3,4.0,True,-0.0179407329378654,7.149950468118144e-05
4,5.0,True,-0.0154754230207355,5.37026893410366e-05
