,rs,baldereschi,E_CCSD_s_corr_pe,E_CCSD_s_corr_pe_err
0,1.0,True,-0.0188995416405494,0.0001145195635648
1,2.0,True,-0.0123712297359291,5.580166773489111e-05
2,3.0,True,-0.0093146981008851,3.9669662063855984e-05
3,4.0,True,-0.0075020957481349,3.1718753957694044e-05
4,5.0,True,-0.0062923577206134,2.6762772965546223e-05
