,rs,baldereschi,E_CCSD_os_corr_pe,E_CCSD_os_corr_pe_err,E_CCSD_s_corr_pe,E_CCSD_s_corr_pe_err,E_CCSD_scs_corr_pe,E_CCSD_scs_corr_pe_err
0,1.0,True,-0.0367544355763523,0.0002973356338622,-0.0188995416405494,0.0001145195635648,-0.0680346152357882,0.000399174442245
1,2.0,True,-0.0267809119463188,0.0001573684942252,-0.0123712297359291,5.580166773489111e-05,-0.0479912477734247,0.0002095692243844
2,3.0,True,-0.0214153869892538,0.0001011819572537,-0.0093146981008851,3.9669662063855984e-05,-0.0377231503303524,0.0001360954212591
3,4.0,True,-0.0179407329378654,7.149950468118144e-05,-0.0075020957481349,3.1718753957694044e-05,-0.0312620990264814,9.762221318996524e-05
4,5.0,True,-0.0154754230207355,5.37026893410366e-05,-0.0062923577206134,2.6762772965546223e-05,-0.0267641514606272,7.460659497566103e-05
