,rs,baldereschi,E_DCSD_s_corr_pe,E_DCSD_s_corr_pe_err
0,1.0,1.0,-0.019671722765152,0.0001157577433902
1,2.0,1.0,-0.0132047827998964,5.025471536920789e-05
2,3.0,1.0,-0.0101075574883312,3.30599987283884e-05
3,4.0,1.0,-0.0082376607955009,2.5665875460136045e-05
4,5.0,1.0,-0.0069717763827596,2.15866853559548e-05
