,rs,baldereschi,E_DCSD_corr_pe,E_DCSD_corr_pe_err
0,1.0,1.0,-0.0577760605082073,0.0004398781602274
1,2.0,1.0,-0.0416834473193829,0.0002341690743834
2,3.0,1.0,-0.0332872943078877,0.0001556827735012
3,4.0,1.0,-0.0279141931181308,0.0001134523615244
4,5.0,1.0,-0.0241197778759596,8.740430899839557e-05
