,rs,baldereschi,E_DCSD_os_corr_pe,E_DCSD_os_corr_pe_err
0,1.0,1.0,-0.0381043374561077,0.0003241205928288
1,2.0,1.0,-0.0284786645457716,0.0001839143086154
2,3.0,1.0,-0.0231797371068849,0.0001226225372575
3,4.0,1.0,-0.0196765326437901,8.778634806441352e-05
4,5.0,1.0,-0.0171480018790017,6.581721883689232e-05
